{
"circle-stroked-24": { "x": 0, "y": 0, "width": 24, "height": 24 },
"circle-stroked-18": { "x": 24, "y": 0, "width": 18, "height": 18 },
"circle-stroked-12": { "x": 42, "y": 0, "width": 12, "height": 12 },
"circle-24": { "x": 54, "y": 0, "width": 24, "height": 24 },
"circle-18": { "x": 78, "y": 0, "width": 18, "height": 18 },
"circle-12": { "x": 96, "y": 0, "width": 12, "height": 12 },
"square-stroked-24": { "x": 108, "y": 0, "width": 24, "height": 24 },
"square-stroked-18": { "x": 132, "y": 0, "width": 18, "height": 18 },
"square-stroked-12": { "x": 150, "y": 0, "width": 12, "height": 12 },
"square-24": { "x": 162, "y": 0, "width": 24, "height": 24 },
"square-18": { "x": 186, "y": 0, "width": 18, "height": 18 },
"square-12": { "x": 204, "y": 0, "width": 12, "height": 12 },
"triangle-stroked-24": { "x": 216, "y": 0, "width": 24, "height": 24 },
"triangle-stroked-18": { "x": 240, "y": 0, "width": 18, "height": 18 },
"triangle-stroked-12": { "x": 258, "y": 0, "width": 12, "height": 12 },
"triangle-24": { "x": 0, "y": 24, "width": 24, "height": 24 },
"triangle-18": { "x": 24, "y": 24, "width": 18, "height": 18 },
"triangle-12": { "x": 42, "y": 24, "width": 12, "height": 12 },
"star-stroked-24": { "x": 54, "y": 24, "width": 24, "height": 24 },
"star-stroked-18": { "x": 78, "y": 24, "width": 18, "height": 18 },
"star-stroked-12": { "x": 96, "y": 24, "width": 12, "height": 12 },
"star-24": { "x": 108, "y": 24, "width": 24, "height": 24 },
"star-18": { "x": 132, "y": 24, "width": 18, "height": 18 },
"star-12": { "x": 150, "y": 24, "width": 12, "height": 12 },
"cross-24": { "x": 162, "y": 24, "width": 24, "height": 24 },
"cross-18": { "x": 186, "y": 24, "width": 18, "height": 18 },
"cross-12": { "x": 204, "y": 24, "width": 12, "height": 12 },
"marker-stroked-24": { "x": 216, "y": 24, "width": 24, "height": 24 },
"marker-stroked-18": { "x": 240, "y": 24, "width": 18, "height": 18 },
"marker-stroked-12": { "x": 258, "y": 24, "width": 12, "height": 12 },
"marker-24": { "x": 0, "y": 48, "width": 24, "height": 24 },
"marker-18": { "x": 24, "y": 48, "width": 18, "height": 18 },
"marker-12": { "x": 42, "y": 48, "width": 12, "height": 12 },
"religious-jewish-24": { "x": 54, "y": 48, "width": 24, "height": 24 },
"religious-jewish-18": { "x": 78, "y": 48, "width": 18, "height": 18 },
"religious-jewish-12": { "x": 96, "y": 48, "width": 12, "height": 12 },
"religious-christian-24": { "x": 108, "y": 48, "width": 24, "height": 24 },
"religious-christian-18": { "x": 132, "y": 48, "width": 18, "height": 18 },
"religious-christian-12": { "x": 150, "y": 48, "width": 12, "height": 12 },
"religious-muslim-24": { "x": 162, "y": 48, "width": 24, "height": 24 },
"religious-muslim-18": { "x": 186, "y": 48, "width": 18, "height": 18 },
"religious-muslim-12": { "x": 204, "y": 48, "width": 12, "height": 12 },
"cemetery-24": { "x": 216, "y": 48, "width": 24, "height": 24 },
"cemetery-18": { "x": 240, "y": 48, "width": 18, "height": 18 },
"cemetery-12": { "x": 258, "y": 48, "width": 12, "height": 12 },
"rocket-24": { "x": 0, "y": 72, "width": 24, "height": 24 },
"rocket-18": { "x": 24, "y": 72, "width": 18, "height": 18 },
"rocket-12": { "x": 42, "y": 72, "width": 12, "height": 12 },
"airport-24": { "x": 54, "y": 72, "width": 24, "height": 24 },
"airport-18": { "x": 78, "y": 72, "width": 18, "height": 18 },
"airport-12": { "x": 96, "y": 72, "width": 12, "height": 12 },
"heliport-24": { "x": 108, "y": 72, "width": 24, "height": 24 },
"heliport-18": { "x": 132, "y": 72, "width": 18, "height": 18 },
"heliport-12": { "x": 150, "y": 72, "width": 12, "height": 12 },
"rail-24": { "x": 162, "y": 72, "width": 24, "height": 24 },
"rail-18": { "x": 186, "y": 72, "width": 18, "height": 18 },
"rail-12": { "x": 204, "y": 72, "width": 12, "height": 12 },
"rail-metro-24": { "x": 216, "y": 72, "width": 24, "height": 24 },
"rail-metro-18": { "x": 240, "y": 72, "width": 18, "height": 18 },
"rail-metro-12": { "x": 258, "y": 72, "width": 12, "height": 12 },
"rail-light-24": { "x": 0, "y": 96, "width": 24, "height": 24 },
"rail-light-18": { "x": 24, "y": 96, "width": 18, "height": 18 },
"rail-light-12": { "x": 42, "y": 96, "width": 12, "height": 12 },
"bus-24": { "x": 54, "y": 96, "width": 24, "height": 24 },
"bus-18": { "x": 78, "y": 96, "width": 18, "height": 18 },
"bus-12": { "x": 96, "y": 96, "width": 12, "height": 12 },
"fuel-24": { "x": 108, "y": 96, "width": 24, "height": 24 },
"fuel-18": { "x": 132, "y": 96, "width": 18, "height": 18 },
"fuel-12": { "x": 150, "y": 96, "width": 12, "height": 12 },
"parking-24": { "x": 162, "y": 96, "width": 24, "height": 24 },
"parking-18": { "x": 186, "y": 96, "width": 18, "height": 18 },
"parking-12": { "x": 204, "y": 96, "width": 12, "height": 12 },
"parking-garage-24": { "x": 216, "y": 96, "width": 24, "height": 24 },
"parking-garage-18": { "x": 240, "y": 96, "width": 18, "height": 18 },
"parking-garage-12": { "x": 258, "y": 96, "width": 12, "height": 12 },
"airfield-24": { "x": 0, "y": 120, "width": 24, "height": 24 },
"airfield-18": { "x": 24, "y": 120, "width": 18, "height": 18 },
"airfield-12": { "x": 42, "y": 120, "width": 12, "height": 12 },
"roadblock-24": { "x": 54, "y": 120, "width": 24, "height": 24 },
"roadblock-18": { "x": 78, "y": 120, "width": 18, "height": 18 },
"roadblock-12": { "x": 96, "y": 120, "width": 12, "height": 12 },
"ferry-24": { "x": 108, "y": 120, "width": 24, "height": 24 },
"ferry-18": { "x": 132, "y": 120, "width": 18, "height": 18 },
"ferry-12": { "x": 150, "y": 120, "width": 12, "height": 12 },
"harbor-24": { "x": 162, "y": 120, "width": 24, "height": 24 },
"harbor-18": { "x": 186, "y": 120, "width": 18, "height": 18 },
"harbor-12": { "x": 204, "y": 120, "width": 12, "height": 12 },
"bicycle-24": { "x": 216, "y": 120, "width": 24, "height": 24 },
"bicycle-18": { "x": 240, "y": 120, "width": 18, "height": 18 },
"bicycle-12": { "x": 258, "y": 120, "width": 12, "height": 12 },
"park-24": { "x": 0, "y": 144, "width": 24, "height": 24 },
"park-18": { "x": 24, "y": 144, "width": 18, "height": 18 },
"park-12": { "x": 42, "y": 144, "width": 12, "height": 12 },
"park2-24": { "x": 54, "y": 144, "width": 24, "height": 24 },
"park2-18": { "x": 78, "y": 144, "width": 18, "height": 18 },
"park2-12": { "x": 96, "y": 144, "width": 12, "height": 12 },
"museum-24": { "x": 108, "y": 144, "width": 24, "height": 24 },
"museum-18": { "x": 132, "y": 144, "width": 18, "height": 18 },
"museum-12": { "x": 150, "y": 144, "width": 12, "height": 12 },
"lodging-24": { "x": 162, "y": 144, "width": 24, "height": 24 },
"lodging-18": { "x": 186, "y": 144, "width": 18, "height": 18 },
"lodging-12": { "x": 204, "y": 144, "width": 12, "height": 12 },
"monument-24": { "x": 216, "y": 144, "width": 24, "height": 24 },
"monument-18": { "x": 240, "y": 144, "width": 18, "height": 18 },
"monument-12": { "x": 258, "y": 144, "width": 12, "height": 12 },
"zoo-24": { "x": 0, "y": 168, "width": 24, "height": 24 },
"zoo-18": { "x": 24, "y": 168, "width": 18, "height": 18 },
"zoo-12": { "x": 42, "y": 168, "width": 12, "height": 12 },
"garden-24": { "x": 54, "y": 168, "width": 24, "height": 24 },
"garden-18": { "x": 78, "y": 168, "width": 18, "height": 18 },
"garden-12": { "x": 96, "y": 168, "width": 12, "height": 12 },
"campsite-24": { "x": 108, "y": 168, "width": 24, "height": 24 },
"campsite-18": { "x": 132, "y": 168, "width": 18, "height": 18 },
"campsite-12": { "x": 150, "y": 168, "width": 12, "height": 12 },
"theatre-24": { "x": 162, "y": 168, "width": 24, "height": 24 },
"theatre-18": { "x": 186, "y": 168, "width": 18, "height": 18 },
"theatre-12": { "x": 204, "y": 168, "width": 12, "height": 12 },
"art-gallery-24": { "x": 216, "y": 168, "width": 24, "height": 24 },
"art-gallery-18": { "x": 240, "y": 168, "width": 18, "height": 18 },
"art-gallery-12": { "x": 258, "y": 168, "width": 12, "height": 12 },
"pitch-24": { "x": 0, "y": 192, "width": 24, "height": 24 },
"pitch-18": { "x": 24, "y": 192, "width": 18, "height": 18 },
"pitch-12": { "x": 42, "y": 192, "width": 12, "height": 12 },
"soccer-24": { "x": 54, "y": 192, "width": 24, "height": 24 },
"soccer-18": { "x": 78, "y": 192, "width": 18, "height": 18 },
"soccer-12": { "x": 96, "y": 192, "width": 12, "height": 12 },
"america-football-24": { "x": 108, "y": 192, "width": 24, "height": 24 },
"america-football-18": { "x": 132, "y": 192, "width": 18, "height": 18 },
"america-football-12": { "x": 150, "y": 192, "width": 12, "height": 12 },
"tennis-24": { "x": 162, "y": 192, "width": 24, "height": 24 },
"tennis-18": { "x": 186, "y": 192, "width": 18, "height": 18 },
"tennis-12": { "x": 204, "y": 192, "width": 12, "height": 12 },
"basketball-24": { "x": 216, "y": 192, "width": 24, "height": 24 },
"basketball-18": { "x": 240, "y": 192, "width": 18, "height": 18 },
"basketball-12": { "x": 258, "y": 192, "width": 12, "height": 12 },
"baseball-24": { "x": 0, "y": 216, "width": 24, "height": 24 },
"baseball-18": { "x": 24, "y": 216, "width": 18, "height": 18 },
"baseball-12": { "x": 42, "y": 216, "width": 12, "height": 12 },
"golf-24": { "x": 54, "y": 216, "width": 24, "height": 24 },
"golf-18": { "x": 78, "y": 216, "width": 18, "height": 18 },
"golf-12": { "x": 96, "y": 216, "width": 12, "height": 12 },
"swimming-24": { "x": 108, "y": 216, "width": 24, "height": 24 },
"swimming-18": { "x": 132, "y": 216, "width": 18, "height": 18 },
"swimming-12": { "x": 150, "y": 216, "width": 12, "height": 12 },
"cricket-24": { "x": 162, "y": 216, "width": 24, "height": 24 },
"cricket-18": { "x": 186, "y": 216, "width": 18, "height": 18 },
"cricket-12": { "x": 204, "y": 216, "width": 12, "height": 12 },
"skiing-24": { "x": 216, "y": 216, "width": 24, "height": 24 },
"skiing-18": { "x": 240, "y": 216, "width": 18, "height": 18 },
"skiing-12": { "x": 258, "y": 216, "width": 12, "height": 12 },
"school-24": { "x": 0, "y": 240, "width": 24, "height": 24 },
"school-18": { "x": 24, "y": 240, "width": 18, "height": 18 },
"school-12": { "x": 42, "y": 240, "width": 12, "height": 12 },
"college-24": { "x": 54, "y": 240, "width": 24, "height": 24 },
"college-18": { "x": 78, "y": 240, "width": 18, "height": 18 },
"college-12": { "x": 96, "y": 240, "width": 12, "height": 12 },
"library-24": { "x": 108, "y": 240, "width": 24, "height": 24 },
"library-18": { "x": 132, "y": 240, "width": 18, "height": 18 },
"library-12": { "x": 150, "y": 240, "width": 12, "height": 12 },
"post-24": { "x": 162, "y": 240, "width": 24, "height": 24 },
"post-18": { "x": 186, "y": 240, "width": 18, "height": 18 },
"post-12": { "x": 204, "y": 240, "width": 12, "height": 12 },
"fire-station-24": { "x": 216, "y": 240, "width": 24, "height": 24 },
"fire-station-18": { "x": 240, "y": 240, "width": 18, "height": 18 },
"fire-station-12": { "x": 258, "y": 240, "width": 12, "height": 12 },
"town-hall-24": { "x": 0, "y": 264, "width": 24, "height": 24 },
"town-hall-18": { "x": 24, "y": 264, "width": 18, "height": 18 },
"town-hall-12": { "x": 42, "y": 264, "width": 12, "height": 12 },
"police-24": { "x": 54, "y": 264, "width": 24, "height": 24 },
"police-18": { "x": 78, "y": 264, "width": 18, "height": 18 },
"police-12": { "x": 96, "y": 264, "width": 12, "height": 12 },
"prison-24": { "x": 108, "y": 264, "width": 24, "height": 24 },
"prison-18": { "x": 132, "y": 264, "width": 18, "height": 18 },
"prison-12": { "x": 150, "y": 264, "width": 12, "height": 12 },
"embassy-24": { "x": 162, "y": 264, "width": 24, "height": 24 },
"embassy-18": { "x": 186, "y": 264, "width": 18, "height": 18 },
"embassy-12": { "x": 204, "y": 264, "width": 12, "height": 12 },
"beer-24": { "x": 216, "y": 264, "width": 24, "height": 24 },
"beer-18": { "x": 240, "y": 264, "width": 18, "height": 18 },
"beer-12": { "x": 258, "y": 264, "width": 12, "height": 12 },
"restaurant-24": { "x": 0, "y": 288, "width": 24, "height": 24 },
"restaurant-18": { "x": 24, "y": 288, "width": 18, "height": 18 },
"restaurant-12": { "x": 42, "y": 288, "width": 12, "height": 12 },
"cafe-24": { "x": 54, "y": 288, "width": 24, "height": 24 },
"cafe-18": { "x": 78, "y": 288, "width": 18, "height": 18 },
"cafe-12": { "x": 96, "y": 288, "width": 12, "height": 12 },
"shop-24": { "x": 108, "y": 288, "width": 24, "height": 24 },
"shop-18": { "x": 132, "y": 288, "width": 18, "height": 18 },
"shop-12": { "x": 150, "y": 288, "width": 12, "height": 12 },
"fast-food-24": { "x": 162, "y": 288, "width": 24, "height": 24 },
"fast-food-18": { "x": 186, "y": 288, "width": 18, "height": 18 },
"fast-food-12": { "x": 204, "y": 288, "width": 12, "height": 12 },
"bar-24": { "x": 216, "y": 288, "width": 24, "height": 24 },
"bar-18": { "x": 240, "y": 288, "width": 18, "height": 18 },
"bar-12": { "x": 258, "y": 288, "width": 12, "height": 12 },
"bank-24": { "x": 0, "y": 312, "width": 24, "height": 24 },
"bank-18": { "x": 24, "y": 312, "width": 18, "height": 18 },
"bank-12": { "x": 42, "y": 312, "width": 12, "height": 12 },
"grocery-24": { "x": 54, "y": 312, "width": 24, "height": 24 },
"grocery-18": { "x": 78, "y": 312, "width": 18, "height": 18 },
"grocery-12": { "x": 96, "y": 312, "width": 12, "height": 12 },
"cinema-24": { "x": 108, "y": 312, "width": 24, "height": 24 },
"cinema-18": { "x": 132, "y": 312, "width": 18, "height": 18 },
"cinema-12": { "x": 150, "y": 312, "width": 12, "height": 12 },
"pharmacy-24": { "x": 162, "y": 312, "width": 24, "height": 24 },
"pharmacy-18": { "x": 186, "y": 312, "width": 18, "height": 18 },
"pharmacy-12": { "x": 204, "y": 312, "width": 12, "height": 12 },
"hospital-24": { "x": 216, "y": 312, "width": 24, "height": 24 },
"hospital-18": { "x": 240, "y": 312, "width": 18, "height": 18 },
"hospital-12": { "x": 258, "y": 312, "width": 12, "height": 12 },
"danger-24": { "x": 0, "y": 336, "width": 24, "height": 24 },
"danger-18": { "x": 24, "y": 336, "width": 18, "height": 18 },
"danger-12": { "x": 42, "y": 336, "width": 12, "height": 12 },
"industrial-24": { "x": 54, "y": 336, "width": 24, "height": 24 },
"industrial-18": { "x": 78, "y": 336, "width": 18, "height": 18 },
"industrial-12": { "x": 96, "y": 336, "width": 12, "height": 12 },
"warehouse-24": { "x": 108, "y": 336, "width": 24, "height": 24 },
"warehouse-18": { "x": 132, "y": 336, "width": 18, "height": 18 },
"warehouse-12": { "x": 150, "y": 336, "width": 12, "height": 12 },
"commercial-24": { "x": 162, "y": 336, "width": 24, "height": 24 },
"commercial-18": { "x": 186, "y": 336, "width": 18, "height": 18 },
"commercial-12": { "x": 204, "y": 336, "width": 12, "height": 12 },
"building-24": { "x": 216, "y": 336, "width": 24, "height": 24 },
"building-18": { "x": 240, "y": 336, "width": 18, "height": 18 },
"building-12": { "x": 258, "y": 336, "width": 12, "height": 12 },
"place-of-worship-24": { "x": 0, "y": 360, "width": 24, "height": 24 },
"place-of-worship-18": { "x": 24, "y": 360, "width": 18, "height": 18 },
"place-of-worship-12": { "x": 42, "y": 360, "width": 12, "height": 12 },
"alcohol-shop-24": { "x": 54, "y": 360, "width": 24, "height": 24 },
"alcohol-shop-18": { "x": 78, "y": 360, "width": 18, "height": 18 },
"alcohol-shop-12": { "x": 96, "y": 360, "width": 12, "height": 12 },
"logging-24": { "x": 108, "y": 360, "width": 24, "height": 24 },
"logging-18": { "x": 132, "y": 360, "width": 18, "height": 18 },
"logging-12": { "x": 150, "y": 360, "width": 12, "height": 12 },
"oil-well-24": { "x": 162, "y": 360, "width": 24, "height": 24 },
"oil-well-18": { "x": 186, "y": 360, "width": 18, "height": 18 },
"oil-well-12": { "x": 204, "y": 360, "width": 12, "height": 12 },
"slaughterhouse-24": { "x": 216, "y": 360, "width": 24, "height": 24 },
"slaughterhouse-18": { "x": 240, "y": 360, "width": 18, "height": 18 },
"slaughterhouse-12": { "x": 258, "y": 360, "width": 12, "height": 12 },
"dam-24": { "x": 0, "y": 384, "width": 24, "height": 24 },
"dam-18": { "x": 24, "y": 384, "width": 18, "height": 18 },
"dam-12": { "x": 42, "y": 384, "width": 12, "height": 12 },
"water-24": { "x": 54, "y": 384, "width": 24, "height": 24 },
"water-18": { "x": 78, "y": 384, "width": 18, "height": 18 },
"water-12": { "x": 96, "y": 384, "width": 12, "height": 12 },
"wetland-24": { "x": 108, "y": 384, "width": 24, "height": 24 },
"wetland-18": { "x": 132, "y": 384, "width": 18, "height": 18 },
"wetland-12": { "x": 150, "y": 384, "width": 12, "height": 12 },
"disability-24": { "x": 162, "y": 384, "width": 24, "height": 24 },
"disability-18": { "x": 186, "y": 384, "width": 18, "height": 18 },
"disability-12": { "x": 204, "y": 384, "width": 12, "height": 12 },
"telephone-24": { "x": 216, "y": 384, "width": 24, "height": 24 },
"telephone-18": { "x": 240, "y": 384, "width": 18, "height": 18 },
"telephone-12": { "x": 258, "y": 384, "width": 12, "height": 12 },
"emergency-telephone-24": { "x": 0, "y": 408, "width": 24, "height": 24 },
"emergency-telephone-18": { "x": 24, "y": 408, "width": 18, "height": 18 },
"emergency-telephone-12": { "x": 42, "y": 408, "width": 12, "height": 12 },
"toilets-24": { "x": 54, "y": 408, "width": 24, "height": 24 },
"toilets-18": { "x": 78, "y": 408, "width": 18, "height": 18 },
"toilets-12": { "x": 96, "y": 408, "width": 12, "height": 12 },
"waste-basket-24": { "x": 108, "y": 408, "width": 24, "height": 24 },
"waste-basket-18": { "x": 132, "y": 408, "width": 18, "height": 18 },
"waste-basket-12": { "x": 150, "y": 408, "width": 12, "height": 12 },
"music-24": { "x": 162, "y": 408, "width": 24, "height": 24 },
"music-18": { "x": 186, "y": 408, "width": 18, "height": 18 },
"music-12": { "x": 204, "y": 408, "width": 12, "height": 12 },
"land-use-24": { "x": 216, "y": 408, "width": 24, "height": 24 },
"land-use-18": { "x": 240, "y": 408, "width": 18, "height": 18 },
"land-use-12": { "x": 258, "y": 408, "width": 12, "height": 12 },
"city-24": { "x": 0, "y": 432, "width": 24, "height": 24 },
"city-18": { "x": 24, "y": 432, "width": 18, "height": 18 },
"city-12": { "x": 42, "y": 432, "width": 12, "height": 12 },
"town-24": { "x": 54, "y": 432, "width": 24, "height": 24 },
"town-18": { "x": 78, "y": 432, "width": 18, "height": 18 },
"town-12": { "x": 96, "y": 432, "width": 12, "height": 12 },
"village-24": { "x": 108, "y": 432, "width": 24, "height": 24 },
"village-18": { "x": 132, "y": 432, "width": 18, "height": 18 },
"village-12": { "x": 150, "y": 432, "width": 12, "height": 12 },
"farm-24": { "x": 162, "y": 432, "width": 24, "height": 24 },
"farm-18": { "x": 186, "y": 432, "width": 18, "height": 18 },
"farm-12": { "x": 204, "y": 432, "width": 12, "height": 12 },
"bakery-24": { "x": 216, "y": 432, "width": 24, "height": 24 },
"bakery-18": { "x": 240, "y": 432, "width": 18, "height": 18 },
"bakery-12": { "x": 258, "y": 432, "width": 12, "height": 12 },
"dog-park-24": { "x": 0, "y": 456, "width": 24, "height": 24 },
"dog-park-18": { "x": 24, "y": 456, "width": 18, "height": 18 },
"dog-park-12": { "x": 42, "y": 456, "width": 12, "height": 12 },
"lighthouse-24": { "x": 54, "y": 456, "width": 24, "height": 24 },
"lighthouse-18": { "x": 78, "y": 456, "width": 18, "height": 18 },
"lighthouse-12": { "x": 96, "y": 456, "width": 12, "height": 12 },
"clothing-store-24": { "x": 108, "y": 456, "width": 24, "height": 24 },
"clothing-store-18": { "x": 132, "y": 456, "width": 18, "height": 18 },
"clothing-store-12": { "x": 150, "y": 456, "width": 12, "height": 12 },
"polling-place-24": { "x": 162, "y": 456, "width": 24, "height": 24 },
"polling-place-18": { "x": 186, "y": 456, "width": 18, "height": 18 },
"polling-place-12": { "x": 204, "y": 456, "width": 12, "height": 12 },
"playground-24": { "x": 216, "y": 456, "width": 24, "height": 24 },
"playground-18": { "x": 240, "y": 456, "width": 18, "height": 18 },
"playground-12": { "x": 258, "y": 456, "width": 12, "height": 12 },
"entrance-24": { "x": 0, "y": 480, "width": 24, "height": 24 },
"entrance-18": { "x": 24, "y": 480, "width": 18, "height": 18 },
"entrance-12": { "x": 42, "y": 480, "width": 12, "height": 12 },
"heart-24": { "x": 54, "y": 480, "width": 24, "height": 24 },
"heart-18": { "x": 78, "y": 480, "width": 18, "height": 18 },
"heart-12": { "x": 96, "y": 480, "width": 12, "height": 12 },
"london-underground-24": { "x": 108, "y": 480, "width": 24, "height": 24 },
"london-underground-18": { "x": 132, "y": 480, "width": 18, "height": 18 },
"london-underground-12": { "x": 150, "y": 480, "width": 12, "height": 12 },
"minefield-24": { "x": 162, "y": 480, "width": 24, "height": 24 },
"minefield-18": { "x": 186, "y": 480, "width": 18, "height": 18 },
"minefield-12": { "x": 204, "y": 480, "width": 12, "height": 12 },
"rail-underground-24": { "x": 216, "y": 480, "width": 24, "height": 24 },
"rail-underground-18": { "x": 240, "y": 480, "width": 18, "height": 18 },
"rail-underground-12": { "x": 258, "y": 480, "width": 12, "height": 12 },
"rail-above-24": { "x": 0, "y": 504, "width": 24, "height": 24 },
"rail-above-18": { "x": 24, "y": 504, "width": 18, "height": 18 },
"rail-above-12": { "x": 42, "y": 504, "width": 12, "height": 12 },
"camera-24": { "x": 54, "y": 504, "width": 24, "height": 24 },
"camera-18": { "x": 78, "y": 504, "width": 18, "height": 18 },
"camera-12": { "x": 96, "y": 504, "width": 12, "height": 12 },
"laundry-24": { "x": 108, "y": 504, "width": 24, "height": 24 },
"laundry-18": { "x": 132, "y": 504, "width": 18, "height": 18 },
"laundry-12": { "x": 150, "y": 504, "width": 12, "height": 12 },
"car-24": { "x": 162, "y": 504, "width": 24, "height": 24 },
"car-18": { "x": 186, "y": 504, "width": 18, "height": 18 },
"car-12": { "x": 204, "y": 504, "width": 12, "height": 12 },
"suitcase-24": { "x": 216, "y": 504, "width": 24, "height": 24 },
"suitcase-18": { "x": 240, "y": 504, "width": 18, "height": 18 },
"suitcase-12": { "x": 258, "y": 504, "width": 12, "height": 12 },
"hairdresser-24": { "x": 0, "y": 528, "width": 24, "height": 24 },
"hairdresser-18": { "x": 24, "y": 528, "width": 18, "height": 18 },
"hairdresser-12": { "x": 42, "y": 528, "width": 12, "height": 12 },
"chemist-24": { "x": 54, "y": 528, "width": 24, "height": 24 },
"chemist-18": { "x": 78, "y": 528, "width": 18, "height": 18 },
"chemist-12": { "x": 96, "y": 528, "width": 12, "height": 12 },
"mobilephone-24": { "x": 108, "y": 528, "width": 24, "height": 24 },
"mobilephone-18": { "x": 132, "y": 528, "width": 18, "height": 18 },
"mobilephone-12": { "x": 150, "y": 528, "width": 12, "height": 12 },
"scooter-24": { "x": 162, "y": 528, "width": 24, "height": 24 },
"scooter-18": { "x": 186, "y": 528, "width": 18, "height": 18 },
"scooter-12": { "x": 204, "y": 528, "width": 12, "height": 12 }}
